type,id,barcode
GAF,1,AGAGAT
GAF,2,TAATTT
GAF,3,TCAGTT
GAF,4,TGACTT
GAF,5,ACACAT
GAF,6,CAACCT
GAF,7,CATGCT
GAF,8,CGATCT
GAF,9,GAAGGT
GAF,10,GGAAGT
GAF,11,GCATGT
GAF,12,GGAACT
GAF,13,ATCGAT
GAF,14,ATGCAT
GAF,15,CTGACT
GAF,16,GTCTAT
GAF,17,TACTGT
GAF,18,TGCTAT
GAF,19,ACTGTT
GAF,20,CTTGAT
RPI,1,ATCACG
RPI,2,CGATGT
RPI,3,TTAGGC
RPI,4,TGACCA
RPI,5,ACAGTG
RPI,6,GCCAAT
RPI,7,CAGATC
RPI,8,ACTTGA
RPI,9,GATCAG
RPI,10,TAGCTT
RPI,11,GGCTAC
RPI,12,CTTGTA
RPI,13,AGTCAA
RPI,14,AGTTCC
RPI,15,ATGTCA
RPI,16,CCGTCC
RPI,17,GTAGAG
RPI,18,GTCCGC
RPI,19,GTGAAA
RPI,20,GTGGCC
RPI,21,GTTTCG
RPI,22,CGTACG
RPI,23,GAGTGG
RPI,24,GGTAGC
RPI,25,ACTGAT
RPI,26,ATGAGC
RPI,27,ATTCCT
RPI,28,CAAAAG
RPI,29,CAACTA
RPI,30,CACCGG
RPI,31,CACGAT
RPI,32,CACTCA
RPI,33,CAGGCG
RPI,34,CATGGC
RPI,35,CATTTT
RPI,36,CCAACA
RPI,37,CGGAAT
RPI,38,CTAGCT
RPI,39,CTATAC
RPI,40,CTCAGA
RPI,41,GACGAC
RPI,42,TAATCG
RPI,43,TACAGC
RPI,44,TATAAT
RPI,45,TCATTC
RPI,46,TCCCGA
RPI,47,TCGAAG
RPI,48,TCGGCA
AGI,1,ATCACG
AGI,2,CGATGT
AGI,3,TTAGGC
AGI,4,TGACCA
AGI,5,ACAGTG
AGI,6,GCCAAT
AGI,7,CAGATC
AGI,8,ACTTGA
AGI,9,GATCAG
AGI,10,TAGCTT
AGI,11,GGCTAC
AGI,12,CTTGTA
AGI,13,AAACAT
AGI,14,CAAAAG
AGI,15,GAAACC
AGI,16,AAAGCA
MON,1,AAGGGA
MON,2,CCTTCA
MON,3,GGACCC
MON,4,TTCAGC
MON,5,AAGACG
MON,6,CCTCGG
MON,7,GGATGT
MON,8,TTCGCT
MON,9,ACACGA
MON,10,CACACA
MON,11,GTGTTA
MON,12,TGTGAA
MON,13,ACAAAC
MON,14,CACCTC
MON,15,GTGGCC
MON,16,TGTTGC
RTP,1,ATCACG
RTP,2,CGATGT
RTP,3,TTAGGC
RTP,4,TGACCA
RTP,5,ACAGTG
RTP,6,GCCAAT
RTP,7,CAGATC
RTP,8,ACTTGA
RTP,9,GATCAG
RTP,10,TAGCTT
RTP,11,GGCTAC
RTP,12,CTTGTA
HP8,1,AACGTGAT
HP8,2,AAACATCG
HP8,3,ATGCCTAA
HP8,4,AGTGGTCA
HP8,5,ACCACTGT
HP8,6,ACATTGGC
HP8,7,CAGATCTG
HP8,8,CATCAAGT
HP8,9,CGCTGATC
HP8,10,ACAAGCTA
HP8,11,CTGTAGCC
HP8,12,AGTACAAG
HP8,13,AACAACCA
HP8,14,AACCGAGA
HP8,15,AACGCTTA
HP8,16,AAGACGGA
HP8,17,AAGGTACA
HP8,18,ACACAGAA
HP8,19,ACAGCAGA
HP8,20,ACCTCCAA
HP8,21,ACGCTCGA
HP8,22,ACGTATCA
HP8,23,ACTATGCA
HP8,24,AGAGTCAA
HP8,25,AGATCGCA
HP8,26,AGCAGGAA
HP8,27,AGTCACTA
HP8,28,ATCCTGTA
HP8,29,ATTGAGGA
HP8,30,CAACCACA
HP8,31,CAAGACTA
HP8,32,CAATGGAA
HP8,33,CACTTCGA
HP8,34,CAGCGTTA
HP8,35,CATACCAA
HP8,36,CCAGTTCA
HP8,37,CCGAAGTA
HP8,38,CCGTGAGA
HP8,39,CCTCCTGA
HP8,40,CGAACTTA
HP8,41,CGACTGGA
HP8,42,CGCATACA
HP8,43,CTCAATGA
HP8,44,CTGAGCCA
HP8,45,CTGGCATA
HP8,46,GAATCTGA
HP8,47,GACTAGTA
HP8,48,GAGCTGAA
HP8,49,GATAGACA
HP8,50,GCCACATA
HP8,51,GCGAGTAA
HP8,52,GCTAACGA
HP8,53,GCTCGGTA
HP8,54,GGAGAACA
HP8,55,GGTGCGAA
HP8,56,GTACGCAA
HP8,57,GTCGTAGA
HP8,58,GTCTGTCA
HP8,59,GTGTTCTA
HP8,60,TAGGATGA
HP8,61,TATCAGCA
HP8,62,TCCGTCTA
HP8,63,TCTTCACA
HP8,64,TGAAGAGA
HP8,65,TGGAACAA
HP8,66,TGGCTTCA
HP8,67,TGGTGGTA
HP8,68,TTCACGCA
HP8,69,AACTCACC
HP8,70,AAGAGATC
HP8,71,AAGGACAC
HP8,72,AATCCGTC
HP8,73,AATGTTGC
HP8,74,ACACGACC
HP8,75,ACAGATTC
HP8,76,AGATGTAC
HP8,77,AGCACCTC
HP8,78,AGCCATGC
HP8,79,AGGCTAAC
HP8,80,ATAGCGAC
HP8,81,ATCATTCC
HP8,82,ATTGGCTC
HP8,83,CAAGGAGC
HP8,84,CACCTTAC
HP8,85,CCATCCTC
HP8,86,CCGACAAC
HP8,87,CCTAATCC
HP8,88,CCTCTATC
HP8,89,CGACACAC
HP8,90,CGGATTGC
HP8,91,CTAAGGTC
HP8,92,GAACAGGC
HP8,93,GACAGTGC
HP8,94,GAGTTAGC
HP8,95,GATGAATC
HP8,96,GCCAAGAC